19,"Santiago Gutierrez",4176674,joss,ismael
19,"Santiago Gutierrez",4176674,joss,ismael
19,"Santiago Gutierrez",4176674,joss,ismael
19,"Santiago Gutierrez",4176674,joss,ismael
19,"Santiago Gutierrez",4176674,joss,ismael
19,"Santiago Gutierrez",4176674,joss,ismael
19,"Santiago Gutierrez",4176674,joss,ismael
19,"Santiago Gutierrez",4176674,joss,ismael
19,"Santiago Gutierrez",4176674,joss,ismael
19,"Santiago Gutierrez",4176674,joss,ismael
19,"Santiago Gutierrez",4176674,joss,ismael
19,"Santiago Gutierrez",4176674,joss,ismael
19,"Santiago Gutierrez",4176674,joss,ismael